Category,PublicID,URL
pituitary,Te-pi_202_hs18oh,https://res.cloudinary.com/yrb1ur3i/image/upload/v1784985379/Te-pi_202_hs18oh.jpg
pituitary,Te-pi_201_y4e121,https://res.cloudinary.com/yrb1ur3i/image/upload/v1784985378/Te-pi_201_y4e121.jpg
pituitary,Te-pi_200_mma89s,https://res.cloudinary.com/yrb1ur3i/image/upload/v1784985378/Te-pi_200_mma89s.jpg
pituitary,Te-pi_199_hjxg3m,https://res.cloudinary.com/yrb1ur3i/image/upload/v1784985377/Te-pi_199_hjxg3m.jpg
pituitary,Te-pi_198_k0u7es,https://res.cloudinary.com/yrb1ur3i/image/upload/v1784985376/Te-pi_198_k0u7es.jpg
pituitary,Te-pi_197_tzxdvb,https://res.cloudinary.com/yrb1ur3i/image/upload/v1784985376/Te-pi_197_tzxdvb.jpg
pituitary,Te-pi_196_t4rngo,https://res.cloudinary.com/yrb1ur3i/image/upload/v1784985375/Te-pi_196_t4rngo.jpg
pituitary,Te-pi_195_apqqwc,https://res.cloudinary.com/yrb1ur3i/image/upload/v1784985374/Te-pi_195_apqqwc.jpg
pituitary,Te-pi_194_sb4jxg,https://res.cloudinary.com/yrb1ur3i/image/upload/v1784985374/Te-pi_194_sb4jxg.jpg
pituitary,Te-pi_193_fdwryp,https://res.cloudinary.com/yrb1ur3i/image/upload/v1784985373/Te-pi_193_fdwryp.jpg
pituitary,Te-pi_192_csic8h,https://res.cloudinary.com/yrb1ur3i/image/upload/v1784985372/Te-pi_192_csic8h.jpg
pituitary,Te-pi_191_m7fyj4,https://res.cloudinary.com/yrb1ur3i/image/upload/v1784985372/Te-pi_191_m7fyj4.jpg
pituitary,Te-pi_190_jggdtp,https://res.cloudinary.com/yrb1ur3i/image/upload/v1784985371/Te-pi_190_jggdtp.jpg
pituitary,Te-pi_181_gur2nz,https://res.cloudinary.com/yrb1ur3i/image/upload/v1784985371/Te-pi_181_gur2nz.jpg
pituitary,Te-pi_180_b1jtqm,https://res.cloudinary.com/yrb1ur3i/image/upload/v1784985370/Te-pi_180_b1jtqm.jpg
pituitary,Te-pi_179_trgfex,https://res.cloudinary.com/yrb1ur3i/image/upload/v1784985369/Te-pi_179_trgfex.jpg
pituitary,Te-pi_178_hvwxsv,https://res.cloudinary.com/yrb1ur3i/image/upload/v1784985368/Te-pi_178_hvwxsv.jpg
pituitary,Te-pi_177_c8fefr,https://res.cloudinary.com/yrb1ur3i/image/upload/v1784985368/Te-pi_177_c8fefr.jpg
pituitary,Te-pi_176_jqqhhk,https://res.cloudinary.com/yrb1ur3i/image/upload/v1784985367/Te-pi_176_jqqhhk.jpg
pituitary,Te-pi_175_gheutw,https://res.cloudinary.com/yrb1ur3i/image/upload/v1784985366/Te-pi_175_gheutw.jpg
pituitary,Te-pi_174_zqbqm1,https://res.cloudinary.com/yrb1ur3i/image/upload/v1784985366/Te-pi_174_zqbqm1.jpg
pituitary,Te-pi_173_hmfnix,https://res.cloudinary.com/yrb1ur3i/image/upload/v1784985365/Te-pi_173_hmfnix.jpg
pituitary,Te-pi_172_p5cvi7,https://res.cloudinary.com/yrb1ur3i/image/upload/v1784985365/Te-pi_172_p5cvi7.jpg
pituitary,Te-pi_171_ovkrxw,https://res.cloudinary.com/yrb1ur3i/image/upload/v1784985364/Te-pi_171_ovkrxw.jpg
pituitary,Te-pi_170_lhjvym,https://res.cloudinary.com/yrb1ur3i/image/upload/v1784985363/Te-pi_170_lhjvym.jpg
pituitary,Te-pi_169_s06rjr,https://res.cloudinary.com/yrb1ur3i/image/upload/v1784985362/Te-pi_169_s06rjr.jpg
pituitary,Te-pi_160_fjeum1,https://res.cloudinary.com/yrb1ur3i/image/upload/v1784985361/Te-pi_160_fjeum1.jpg
pituitary,Te-pi_159_jimnlg,https://res.cloudinary.com/yrb1ur3i/image/upload/v1784985361/Te-pi_159_jimnlg.jpg
pituitary,Te-pi_158_sjl7bp,https://res.cloudinary.com/yrb1ur3i/image/upload/v1784985360/Te-pi_158_sjl7bp.jpg
pituitary,Te-pi_157_t26a5p,https://res.cloudinary.com/yrb1ur3i/image/upload/v1784985359/Te-pi_157_t26a5p.jpg
pituitary,Te-pi_156_ouasck,https://res.cloudinary.com/yrb1ur3i/image/upload/v1784985359/Te-pi_156_ouasck.jpg
pituitary,Te-pi_155_namcxh,https://res.cloudinary.com/yrb1ur3i/image/upload/v1784985358/Te-pi_155_namcxh.jpg
pituitary,Te-pi_154_mubp6g,https://res.cloudinary.com/yrb1ur3i/image/upload/v1784985357/Te-pi_154_mubp6g.jpg
pituitary,Te-pi_153_i4s73s,https://res.cloudinary.com/yrb1ur3i/image/upload/v1784985356/Te-pi_153_i4s73s.jpg
pituitary,Te-pi_152_xrzvkv,https://res.cloudinary.com/yrb1ur3i/image/upload/v1784985356/Te-pi_152_xrzvkv.jpg
pituitary,Te-pi_151_xqx8uw,https://res.cloudinary.com/yrb1ur3i/image/upload/v1784985355/Te-pi_151_xqx8uw.jpg
pituitary,Te-pi_150_a2qbkq,https://res.cloudinary.com/yrb1ur3i/image/upload/v1784985354/Te-pi_150_a2qbkq.jpg
pituitary,Te-pi_149_leczrx,https://res.cloudinary.com/yrb1ur3i/image/upload/v1784985354/Te-pi_149_leczrx.jpg
pituitary,Te-pi_148_bqsz6t,https://res.cloudinary.com/yrb1ur3i/image/upload/v1784985353/Te-pi_148_bqsz6t.jpg
pituitary,Te-pi_139_yxzonf,https://res.cloudinary.com/yrb1ur3i/image/upload/v1784985352/Te-pi_139_yxzonf.jpg
pituitary,Te-pi_138_ensxis,https://res.cloudinary.com/yrb1ur3i/image/upload/v1784985352/Te-pi_138_ensxis.jpg
pituitary,Te-pi_137_m8midw,https://res.cloudinary.com/yrb1ur3i/image/upload/v1784985351/Te-pi_137_m8midw.jpg
pituitary,Te-pi_134_ipo7dt,https://res.cloudinary.com/yrb1ur3i/image/upload/v1784985350/Te-pi_134_ipo7dt.jpg
pituitary,Te-pi_136_eva7oo,https://res.cloudinary.com/yrb1ur3i/image/upload/v1784985350/Te-pi_136_eva7oo.jpg
pituitary,Te-pi_135_canpx4,https://res.cloudinary.com/yrb1ur3i/image/upload/v1784985350/Te-pi_135_canpx4.jpg
pituitary,Te-pi_133_rqtl8v,https://res.cloudinary.com/yrb1ur3i/image/upload/v1784985348/Te-pi_133_rqtl8v.jpg
pituitary,Te-pi_132_xgz5yo,https://res.cloudinary.com/yrb1ur3i/image/upload/v1784985348/Te-pi_132_xgz5yo.jpg
pituitary,Te-pi_131_j3l9dy,https://res.cloudinary.com/yrb1ur3i/image/upload/v1784985347/Te-pi_131_j3l9dy.jpg
pituitary,Te-pi_130_u9qaxr,https://res.cloudinary.com/yrb1ur3i/image/upload/v1784985346/Te-pi_130_u9qaxr.jpg
pituitary,Te-pi_129_ywswfe,https://res.cloudinary.com/yrb1ur3i/image/upload/v1784985346/Te-pi_129_ywswfe.jpg
pituitary,Te-pi_117_jmlj0l,https://res.cloudinary.com/yrb1ur3i/image/upload/v1784985343/Te-pi_117_jmlj0l.jpg
pituitary,Te-pi_128_dsodh9,https://res.cloudinary.com/yrb1ur3i/image/upload/v1784985345/Te-pi_128_dsodh9.jpg
pituitary,Te-pi_127_cjpiit,https://res.cloudinary.com/yrb1ur3i/image/upload/v1784985344/Te-pi_127_cjpiit.jpg
pituitary,Te-pi_118_o2i1s8,https://res.cloudinary.com/yrb1ur3i/image/upload/v1784985344/Te-pi_118_o2i1s8.jpg
pituitary,Te-pi_116_mpxpen,https://res.cloudinary.com/yrb1ur3i/image/upload/v1784985342/Te-pi_116_mpxpen.jpg
pituitary,Te-pi_115_dunzgu,https://res.cloudinary.com/yrb1ur3i/image/upload/v1784985342/Te-pi_115_dunzgu.jpg
pituitary,Te-pi_114_qi0v5i,https://res.cloudinary.com/yrb1ur3i/image/upload/v1784985341/Te-pi_114_qi0v5i.jpg
pituitary,Te-pi_113_q59e1h,https://res.cloudinary.com/yrb1ur3i/image/upload/v1784985340/Te-pi_113_q59e1h.jpg
pituitary,Te-pi_112_i4ny0i,https://res.cloudinary.com/yrb1ur3i/image/upload/v1784985340/Te-pi_112_i4ny0i.jpg
pituitary,Te-pi_111_zqjyrx,https://res.cloudinary.com/yrb1ur3i/image/upload/v1784985339/Te-pi_111_zqjyrx.jpg
pituitary,Te-pi_110_tpdy5e,https://res.cloudinary.com/yrb1ur3i/image/upload/v1784985338/Te-pi_110_tpdy5e.jpg
pituitary,Te-pi_109_r2qfmu,https://res.cloudinary.com/yrb1ur3i/image/upload/v1784985338/Te-pi_109_r2qfmu.jpg
pituitary,Te-pi_108_g7a0qx,https://res.cloudinary.com/yrb1ur3i/image/upload/v1784985337/Te-pi_108_g7a0qx.jpg
pituitary,Te-pi_107_la0jtr,https://res.cloudinary.com/yrb1ur3i/image/upload/v1784985336/Te-pi_107_la0jtr.jpg
pituitary,Te-pi_106_adkdfn,https://res.cloudinary.com/yrb1ur3i/image/upload/v1784985336/Te-pi_106_adkdfn.jpg
pituitary,Te-pi_97_dsqj9f,https://res.cloudinary.com/yrb1ur3i/image/upload/v1784985335/Te-pi_97_dsqj9f.jpg
pituitary,Te-pi_96_f0ar5b,https://res.cloudinary.com/yrb1ur3i/image/upload/v1784985334/Te-pi_96_f0ar5b.jpg
pituitary,Te-pi_95_wsunff,https://res.cloudinary.com/yrb1ur3i/image/upload/v1784985334/Te-pi_95_wsunff.jpg
pituitary,Te-pi_94_u7db01,https://res.cloudinary.com/yrb1ur3i/image/upload/v1784985333/Te-pi_94_u7db01.jpg
pituitary,Te-pi_93_pgeggx,https://res.cloudinary.com/yrb1ur3i/image/upload/v1784985332/Te-pi_93_pgeggx.jpg
pituitary,Te-pi_92_vv3ed1,https://res.cloudinary.com/yrb1ur3i/image/upload/v1784985332/Te-pi_92_vv3ed1.jpg
pituitary,Te-pi_91_fttzme,https://res.cloudinary.com/yrb1ur3i/image/upload/v1784985331/Te-pi_91_fttzme.jpg
pituitary,Te-pi_90_y4o46p,https://res.cloudinary.com/yrb1ur3i/image/upload/v1784985330/Te-pi_90_y4o46p.jpg
pituitary,Te-pi_89_uuhmpm,https://res.cloudinary.com/yrb1ur3i/image/upload/v1784985330/Te-pi_89_uuhmpm.jpg
pituitary,Te-pi_88_hb8jdz,https://res.cloudinary.com/yrb1ur3i/image/upload/v1784985329/Te-pi_88_hb8jdz.jpg
pituitary,Te-pi_87_prub9e,https://res.cloudinary.com/yrb1ur3i/image/upload/v1784985328/Te-pi_87_prub9e.jpg
pituitary,Te-pi_85_zstmvt,https://res.cloudinary.com/yrb1ur3i/image/upload/v1784985327/Te-pi_85_zstmvt.jpg
pituitary,Te-pi_86_oor5bk,https://res.cloudinary.com/yrb1ur3i/image/upload/v1784985328/Te-pi_86_oor5bk.jpg
pituitary,Te-pi_75_d2zprh,https://res.cloudinary.com/yrb1ur3i/image/upload/v1784985326/Te-pi_75_d2zprh.jpg
pituitary,Te-pi_76_t9trqm,https://res.cloudinary.com/yrb1ur3i/image/upload/v1784985326/Te-pi_76_t9trqm.jpg
pituitary,Te-pi_74_jd1dwr,https://res.cloudinary.com/yrb1ur3i/image/upload/v1784985325/Te-pi_74_jd1dwr.jpg
pituitary,Te-pi_73_jqikl2,https://res.cloudinary.com/yrb1ur3i/image/upload/v1784985324/Te-pi_73_jqikl2.jpg
pituitary,Te-pi_72_epuc60,https://res.cloudinary.com/yrb1ur3i/image/upload/v1784985324/Te-pi_72_epuc60.jpg
pituitary,Te-pi_71_cofyjh,https://res.cloudinary.com/yrb1ur3i/image/upload/v1784985323/Te-pi_71_cofyjh.jpg
pituitary,Te-pi_70_m3lder,https://res.cloudinary.com/yrb1ur3i/image/upload/v1784985322/Te-pi_70_m3lder.jpg
pituitary,Te-pi_69_uuyjhy,https://res.cloudinary.com/yrb1ur3i/image/upload/v1784985322/Te-pi_69_uuyjhy.jpg
pituitary,Te-pi_68_ukpw4l,https://res.cloudinary.com/yrb1ur3i/image/upload/v1784985321/Te-pi_68_ukpw4l.jpg
pituitary,Te-pi_67_ennyy8,https://res.cloudinary.com/yrb1ur3i/image/upload/v1784985320/Te-pi_67_ennyy8.jpg
pituitary,Te-pi_66_ryfsv5,https://res.cloudinary.com/yrb1ur3i/image/upload/v1784985320/Te-pi_66_ryfsv5.jpg
pituitary,Te-pi_65_v3c7as,https://res.cloudinary.com/yrb1ur3i/image/upload/v1784985319/Te-pi_65_v3c7as.jpg
pituitary,Te-pi_64_nxpvgy,https://res.cloudinary.com/yrb1ur3i/image/upload/v1784985318/Te-pi_64_nxpvgy.jpg
pituitary,Te-pi_55_rlbhd0,https://res.cloudinary.com/yrb1ur3i/image/upload/v1784985318/Te-pi_55_rlbhd0.jpg
pituitary,Te-pi_54_dkzh5j,https://res.cloudinary.com/yrb1ur3i/image/upload/v1784985317/Te-pi_54_dkzh5j.jpg
pituitary,Te-pi_53_ufp90t,https://res.cloudinary.com/yrb1ur3i/image/upload/v1784985316/Te-pi_53_ufp90t.jpg
pituitary,Te-pi_52_t6vnxa,https://res.cloudinary.com/yrb1ur3i/image/upload/v1784985316/Te-pi_52_t6vnxa.jpg
pituitary,Te-pi_51_xdjbq5,https://res.cloudinary.com/yrb1ur3i/image/upload/v1784985315/Te-pi_51_xdjbq5.jpg
pituitary,Te-pi_50_ohzhoo,https://res.cloudinary.com/yrb1ur3i/image/upload/v1784985314/Te-pi_50_ohzhoo.jpg
pituitary,Te-pi_49_re33dp,https://res.cloudinary.com/yrb1ur3i/image/upload/v1784985314/Te-pi_49_re33dp.jpg
pituitary,Te-pi_48_drtbdb,https://res.cloudinary.com/yrb1ur3i/image/upload/v1784985313/Te-pi_48_drtbdb.jpg
pituitary,Te-pi_46_ulgsfr,https://res.cloudinary.com/yrb1ur3i/image/upload/v1784985312/Te-pi_46_ulgsfr.jpg
pituitary,Te-pi_47_nv91cf,https://res.cloudinary.com/yrb1ur3i/image/upload/v1784985312/Te-pi_47_nv91cf.jpg
pituitary,Te-pi_45_zwjbby,https://res.cloudinary.com/yrb1ur3i/image/upload/v1784985311/Te-pi_45_zwjbby.jpg
pituitary,Te-pi_44_evnllg,https://res.cloudinary.com/yrb1ur3i/image/upload/v1784985310/Te-pi_44_evnllg.jpg
pituitary,Te-pi_43_zl8gxs,https://res.cloudinary.com/yrb1ur3i/image/upload/v1784985310/Te-pi_43_zl8gxs.jpg
pituitary,Te-pi_34_rjgc9m,https://res.cloudinary.com/yrb1ur3i/image/upload/v1784985309/Te-pi_34_rjgc9m.jpg
pituitary,Te-pi_33_xb9r4f,https://res.cloudinary.com/yrb1ur3i/image/upload/v1784985309/Te-pi_33_xb9r4f.jpg
pituitary,Te-pi_32_zewz2h,https://res.cloudinary.com/yrb1ur3i/image/upload/v1784985308/Te-pi_32_zewz2h.jpg
pituitary,Te-pi_31_vjpivx,https://res.cloudinary.com/yrb1ur3i/image/upload/v1784985307/Te-pi_31_vjpivx.jpg
pituitary,Te-pi_30_kwvi1j,https://res.cloudinary.com/yrb1ur3i/image/upload/v1784985306/Te-pi_30_kwvi1j.jpg
pituitary,Te-pi_29_cs9yo2,https://res.cloudinary.com/yrb1ur3i/image/upload/v1784985306/Te-pi_29_cs9yo2.jpg
pituitary,Te-pi_28_sdl8qv,https://res.cloudinary.com/yrb1ur3i/image/upload/v1784985305/Te-pi_28_sdl8qv.jpg
pituitary,Te-pi_27_xagcol,https://res.cloudinary.com/yrb1ur3i/image/upload/v1784985305/Te-pi_27_xagcol.jpg
pituitary,Te-pi_26_tx1i9x,https://res.cloudinary.com/yrb1ur3i/image/upload/v1784985304/Te-pi_26_tx1i9x.jpg
pituitary,Te-pi_25_yjgjpg,https://res.cloudinary.com/yrb1ur3i/image/upload/v1784985303/Te-pi_25_yjgjpg.jpg
pituitary,Te-pi_24_pownlp,https://res.cloudinary.com/yrb1ur3i/image/upload/v1784985303/Te-pi_24_pownlp.jpg
pituitary,Te-pi_23_dbgxz5,https://res.cloudinary.com/yrb1ur3i/image/upload/v1784985302/Te-pi_23_dbgxz5.jpg
pituitary,Te-pi_22_xeekgg,https://res.cloudinary.com/yrb1ur3i/image/upload/v1784985301/Te-pi_22_xeekgg.jpg
pituitary,Te-pi_12_voli1z,https://res.cloudinary.com/yrb1ur3i/image/upload/v1784985300/Te-pi_12_voli1z.jpg
pituitary,Te-pi_13_so2jkw,https://res.cloudinary.com/yrb1ur3i/image/upload/v1784985301/Te-pi_13_so2jkw.jpg
pituitary,Te-pi_11_cch1lk,https://res.cloudinary.com/yrb1ur3i/image/upload/v1784985299/Te-pi_11_cch1lk.jpg
pituitary,Te-pi_10_qcbrdp,https://res.cloudinary.com/yrb1ur3i/image/upload/v1784985299/Te-pi_10_qcbrdp.jpg
pituitary,Te-pi_9_qykyba,https://res.cloudinary.com/yrb1ur3i/image/upload/v1784985298/Te-pi_9_qykyba.jpg
pituitary,Te-pi_8_dfiide,https://res.cloudinary.com/yrb1ur3i/image/upload/v1784985297/Te-pi_8_dfiide.jpg
pituitary,Te-pi_7_umleec,https://res.cloudinary.com/yrb1ur3i/image/upload/v1784985297/Te-pi_7_umleec.jpg
pituitary,Te-pi_6_m0k6oc,https://res.cloudinary.com/yrb1ur3i/image/upload/v1784985296/Te-pi_6_m0k6oc.jpg
pituitary,Te-pi_5_e0198t,https://res.cloudinary.com/yrb1ur3i/image/upload/v1784985295/Te-pi_5_e0198t.jpg
pituitary,Te-pi_4_nf9v0u,https://res.cloudinary.com/yrb1ur3i/image/upload/v1784985295/Te-pi_4_nf9v0u.jpg
pituitary,Te-pi_3_t8n7uw,https://res.cloudinary.com/yrb1ur3i/image/upload/v1784985294/Te-pi_3_t8n7uw.jpg
pituitary,Te-pi_2_bjgapm,https://res.cloudinary.com/yrb1ur3i/image/upload/v1784985294/Te-pi_2_bjgapm.jpg
pituitary,Te-pi_1_lrr7pw,https://res.cloudinary.com/yrb1ur3i/image/upload/v1784985293/Te-pi_1_lrr7pw.jpg
meningioma,Tr-me_54_oqhiha,https://res.cloudinary.com/yrb1ur3i/image/upload/v1784985083/Tr-me_54_oqhiha.jpg
meningioma,Tr-me_53_m7dwnz,https://res.cloudinary.com/yrb1ur3i/image/upload/v1784985082/Tr-me_53_m7dwnz.jpg
meningioma,Tr-me_52_kinvf3,https://res.cloudinary.com/yrb1ur3i/image/upload/v1784985082/Tr-me_52_kinvf3.jpg
meningioma,Tr-me_50_k3j1g4,https://res.cloudinary.com/yrb1ur3i/image/upload/v1784985081/Tr-me_50_k3j1g4.jpg
meningioma,Tr-me_51_uobgpq,https://res.cloudinary.com/yrb1ur3i/image/upload/v1784985081/Tr-me_51_uobgpq.jpg
meningioma,Tr-me_49_iuvdx8,https://res.cloudinary.com/yrb1ur3i/image/upload/v1784985080/Tr-me_49_iuvdx8.jpg
meningioma,Tr-me_48_zw8fq4,https://res.cloudinary.com/yrb1ur3i/image/upload/v1784985080/Tr-me_48_zw8fq4.jpg
meningioma,Tr-me_47_ztyvuv,https://res.cloudinary.com/yrb1ur3i/image/upload/v1784985079/Tr-me_47_ztyvuv.jpg
meningioma,Tr-me_46_i0ocgh,https://res.cloudinary.com/yrb1ur3i/image/upload/v1784985079/Tr-me_46_i0ocgh.jpg
meningioma,Tr-me_45_p8n1fu,https://res.cloudinary.com/yrb1ur3i/image/upload/v1784985078/Tr-me_45_p8n1fu.jpg
meningioma,Tr-me_38_sh6per,https://res.cloudinary.com/yrb1ur3i/image/upload/v1784985078/Tr-me_38_sh6per.jpg
meningioma,Tr-me_37_hbczde,https://res.cloudinary.com/yrb1ur3i/image/upload/v1784985077/Tr-me_37_hbczde.jpg
meningioma,Tr-me_36_otmxla,https://res.cloudinary.com/yrb1ur3i/image/upload/v1784985077/Tr-me_36_otmxla.jpg
meningioma,Tr-me_35_u1gjzo,https://res.cloudinary.com/yrb1ur3i/image/upload/v1784985076/Tr-me_35_u1gjzo.jpg
meningioma,Tr-me_34_bwhvtm,https://res.cloudinary.com/yrb1ur3i/image/upload/v1784985075/Tr-me_34_bwhvtm.jpg
meningioma,Tr-me_33_fdegc2,https://res.cloudinary.com/yrb1ur3i/image/upload/v1784985075/Tr-me_33_fdegc2.jpg
meningioma,Tr-me_31_nkwjj4,https://res.cloudinary.com/yrb1ur3i/image/upload/v1784985074/Tr-me_31_nkwjj4.jpg
meningioma,Tr-me_32_idwn7w,https://res.cloudinary.com/yrb1ur3i/image/upload/v1784985074/Tr-me_32_idwn7w.jpg
meningioma,Tr-me_30_p5bzdr,https://res.cloudinary.com/yrb1ur3i/image/upload/v1784985073/Tr-me_30_p5bzdr.jpg
meningioma,Tr-me_22_ug09hm,https://res.cloudinary.com/yrb1ur3i/image/upload/v1784985072/Tr-me_22_ug09hm.jpg
meningioma,Tr-me_29_nxswqd,https://res.cloudinary.com/yrb1ur3i/image/upload/v1784985073/Tr-me_29_nxswqd.jpg
meningioma,Tr-me_21_yrntce,https://res.cloudinary.com/yrb1ur3i/image/upload/v1784985072/Tr-me_21_yrntce.jpg
meningioma,Tr-me_20_xblzc8,https://res.cloudinary.com/yrb1ur3i/image/upload/v1784985071/Tr-me_20_xblzc8.jpg
meningioma,Tr-me_19_qlyrce,https://res.cloudinary.com/yrb1ur3i/image/upload/v1784985071/Tr-me_19_qlyrce.jpg
meningioma,Tr-me_18_yvqme9,https://res.cloudinary.com/yrb1ur3i/image/upload/v1784985070/Tr-me_18_yvqme9.jpg
meningioma,Tr-me_17_bhkror,https://res.cloudinary.com/yrb1ur3i/image/upload/v1784985069/Tr-me_17_bhkror.jpg
meningioma,Tr-me_14_xi27wr,https://res.cloudinary.com/yrb1ur3i/image/upload/v1784985068/Tr-me_14_xi27wr.jpg
meningioma,Tr-me_16_kp0poe,https://res.cloudinary.com/yrb1ur3i/image/upload/v1784985069/Tr-me_16_kp0poe.jpg
meningioma,Tr-me_15_q2rnwy,https://res.cloudinary.com/yrb1ur3i/image/upload/v1784985069/Tr-me_15_q2rnwy.jpg
meningioma,Tr-me_13_qq2vs8,https://res.cloudinary.com/yrb1ur3i/image/upload/v1784985067/Tr-me_13_qq2vs8.jpg
meningioma,Tr-me_6_d4rcfj,https://res.cloudinary.com/yrb1ur3i/image/upload/v1784985067/Tr-me_6_d4rcfj.jpg
meningioma,Tr-me_5_zxh7nv,https://res.cloudinary.com/yrb1ur3i/image/upload/v1784985066/Tr-me_5_zxh7nv.jpg
meningioma,Tr-me_4_xqf5vc,https://res.cloudinary.com/yrb1ur3i/image/upload/v1784985066/Tr-me_4_xqf5vc.jpg
meningioma,Tr-me_2_rlwhzc,https://res.cloudinary.com/yrb1ur3i/image/upload/v1784985065/Tr-me_2_rlwhzc.jpg
meningioma,Tr-me_3_udbwl0,https://res.cloudinary.com/yrb1ur3i/image/upload/v1784985065/Tr-me_3_udbwl0.jpg
meningioma,Tr-me_1_yeface,https://res.cloudinary.com/yrb1ur3i/image/upload/v1784985064/Tr-me_1_yeface.jpg
meningioma,Tr-aug-me_100_ntvkdg,https://res.cloudinary.com/yrb1ur3i/image/upload/v1784985064/Tr-aug-me_100_ntvkdg.jpg
meningioma,Tr-aug-me_99_wk8yix,https://res.cloudinary.com/yrb1ur3i/image/upload/v1784985063/Tr-aug-me_99_wk8yix.jpg
meningioma,Tr-aug-me_98_o3e1cp,https://res.cloudinary.com/yrb1ur3i/image/upload/v1784985063/Tr-aug-me_98_o3e1cp.jpg
meningioma,Tr-aug-me_97_as5t7i,https://res.cloudinary.com/yrb1ur3i/image/upload/v1784985062/Tr-aug-me_97_as5t7i.jpg
meningioma,Tr-aug-me_90_z7mhg3,https://res.cloudinary.com/yrb1ur3i/image/upload/v1784985061/Tr-aug-me_90_z7mhg3.jpg
meningioma,Tr-aug-me_89_mdclle,https://res.cloudinary.com/yrb1ur3i/image/upload/v1784985061/Tr-aug-me_89_mdclle.jpg
meningioma,Tr-aug-me_88_sts9g2,https://res.cloudinary.com/yrb1ur3i/image/upload/v1784985060/Tr-aug-me_88_sts9g2.jpg
meningioma,Tr-aug-me_87_xxckcw,https://res.cloudinary.com/yrb1ur3i/image/upload/v1784985060/Tr-aug-me_87_xxckcw.jpg
meningioma,Tr-aug-me_86_k0udd9,https://res.cloudinary.com/yrb1ur3i/image/upload/v1784985059/Tr-aug-me_86_k0udd9.jpg
meningioma,Tr-aug-me_85_apt6nz,https://res.cloudinary.com/yrb1ur3i/image/upload/v1784985059/Tr-aug-me_85_apt6nz.jpg
meningioma,Tr-aug-me_84_x98ubi,https://res.cloudinary.com/yrb1ur3i/image/upload/v1784985058/Tr-aug-me_84_x98ubi.jpg
meningioma,Tr-aug-me_83_nclm58,https://res.cloudinary.com/yrb1ur3i/image/upload/v1784985058/Tr-aug-me_83_nclm58.jpg
meningioma,Tr-aug-me_82_qu9jfd,https://res.cloudinary.com/yrb1ur3i/image/upload/v1784985057/Tr-aug-me_82_qu9jfd.jpg
meningioma,Tr-aug-me_81_qf4z1o,https://res.cloudinary.com/yrb1ur3i/image/upload/v1784985057/Tr-aug-me_81_qf4z1o.jpg
meningioma,Tr-aug-me_74_c84xk9,https://res.cloudinary.com/yrb1ur3i/image/upload/v1784985056/Tr-aug-me_74_c84xk9.jpg
meningioma,Tr-aug-me_73_bamrbn,https://res.cloudinary.com/yrb1ur3i/image/upload/v1784985055/Tr-aug-me_73_bamrbn.jpg
meningioma,Tr-aug-me_72_hmtebt,https://res.cloudinary.com/yrb1ur3i/image/upload/v1784985055/Tr-aug-me_72_hmtebt.jpg
meningioma,Tr-aug-me_71_zyxjsx,https://res.cloudinary.com/yrb1ur3i/image/upload/v1784985054/Tr-aug-me_71_zyxjsx.jpg
meningioma,Tr-aug-me_70_zq2x9j,https://res.cloudinary.com/yrb1ur3i/image/upload/v1784985054/Tr-aug-me_70_zq2x9j.jpg
meningioma,Tr-aug-me_69_emknqh,https://res.cloudinary.com/yrb1ur3i/image/upload/v1784985053/Tr-aug-me_69_emknqh.jpg
meningioma,Tr-aug-me_68_ruovee,https://res.cloudinary.com/yrb1ur3i/image/upload/v1784985053/Tr-aug-me_68_ruovee.jpg
meningioma,Tr-aug-me_67_ourzui,https://res.cloudinary.com/yrb1ur3i/image/upload/v1784985052/Tr-aug-me_67_ourzui.jpg
meningioma,Tr-aug-me_66_hv6opw,https://res.cloudinary.com/yrb1ur3i/image/upload/v1784985052/Tr-aug-me_66_hv6opw.jpg
meningioma,Tr-aug-me_65_ppour1,https://res.cloudinary.com/yrb1ur3i/image/upload/v1784985051/Tr-aug-me_65_ppour1.jpg
meningioma,Tr-aug-me_58_f48ogs,https://res.cloudinary.com/yrb1ur3i/image/upload/v1784985050/Tr-aug-me_58_f48ogs.jpg
meningioma,Tr-aug-me_57_rmeqee,https://res.cloudinary.com/yrb1ur3i/image/upload/v1784985050/Tr-aug-me_57_rmeqee.jpg
meningioma,Tr-aug-me_56_lhudei,https://res.cloudinary.com/yrb1ur3i/image/upload/v1784985050/Tr-aug-me_56_lhudei.jpg
meningioma,Tr-aug-me_55_cjoxtl,https://res.cloudinary.com/yrb1ur3i/image/upload/v1784985049/Tr-aug-me_55_cjoxtl.jpg
meningioma,Tr-aug-me_54_g2ifu0,https://res.cloudinary.com/yrb1ur3i/image/upload/v1784985048/Tr-aug-me_54_g2ifu0.jpg
meningioma,Tr-aug-me_53_ekcigh,https://res.cloudinary.com/yrb1ur3i/image/upload/v1784985048/Tr-aug-me_53_ekcigh.jpg
meningioma,Tr-aug-me_52_y3ytcc,https://res.cloudinary.com/yrb1ur3i/image/upload/v1784985047/Tr-aug-me_52_y3ytcc.jpg
meningioma,Tr-aug-me_51_otv1ia,https://res.cloudinary.com/yrb1ur3i/image/upload/v1784985047/Tr-aug-me_51_otv1ia.jpg
meningioma,Tr-aug-me_50_a8doj2,https://res.cloudinary.com/yrb1ur3i/image/upload/v1784985046/Tr-aug-me_50_a8doj2.jpg
meningioma,Tr-aug-me_49_rnuobp,https://res.cloudinary.com/yrb1ur3i/image/upload/v1784985046/Tr-aug-me_49_rnuobp.jpg
meningioma,Tr-aug-me_42_cuw3t6,https://res.cloudinary.com/yrb1ur3i/image/upload/v1784985045/Tr-aug-me_42_cuw3t6.jpg
meningioma,Tr-aug-me_41_nxklks,https://res.cloudinary.com/yrb1ur3i/image/upload/v1784985044/Tr-aug-me_41_nxklks.jpg
meningioma,Tr-aug-me_40_nuggeh,https://res.cloudinary.com/yrb1ur3i/image/upload/v1784985044/Tr-aug-me_40_nuggeh.jpg
meningioma,Tr-aug-me_38_rrtz9z,https://res.cloudinary.com/yrb1ur3i/image/upload/v1784985043/Tr-aug-me_38_rrtz9z.jpg
meningioma,Tr-aug-me_39_vhq15u,https://res.cloudinary.com/yrb1ur3i/image/upload/v1784985043/Tr-aug-me_39_vhq15u.jpg
meningioma,Tr-aug-me_37_cwz0fs,https://res.cloudinary.com/yrb1ur3i/image/upload/v1784985042/Tr-aug-me_37_cwz0fs.jpg
meningioma,Tr-aug-me_36_xtubwg,https://res.cloudinary.com/yrb1ur3i/image/upload/v1784985042/Tr-aug-me_36_xtubwg.jpg
meningioma,Tr-aug-me_35_eqoaw4,https://res.cloudinary.com/yrb1ur3i/image/upload/v1784985041/Tr-aug-me_35_eqoaw4.jpg
meningioma,Tr-aug-me_34_zn9pfz,https://res.cloudinary.com/yrb1ur3i/image/upload/v1784985041/Tr-aug-me_34_zn9pfz.jpg
meningioma,Tr-aug-me_33_intrji,https://res.cloudinary.com/yrb1ur3i/image/upload/v1784985040/Tr-aug-me_33_intrji.jpg
meningioma,Tr-aug-me_26_ho48ax,https://res.cloudinary.com/yrb1ur3i/image/upload/v1784985040/Tr-aug-me_26_ho48ax.jpg
meningioma,Tr-aug-me_25_prlemg,https://res.cloudinary.com/yrb1ur3i/image/upload/v1784985039/Tr-aug-me_25_prlemg.jpg
meningioma,Tr-aug-me_24_uhelv7,https://res.cloudinary.com/yrb1ur3i/image/upload/v1784985039/Tr-aug-me_24_uhelv7.jpg
meningioma,Tr-aug-me_23_z9ay8k,https://res.cloudinary.com/yrb1ur3i/image/upload/v1784985038/Tr-aug-me_23_z9ay8k.jpg
meningioma,Tr-aug-me_22_shguhh,https://res.cloudinary.com/yrb1ur3i/image/upload/v1784985037/Tr-aug-me_22_shguhh.jpg
meningioma,Tr-aug-me_21_ekfqys,https://res.cloudinary.com/yrb1ur3i/image/upload/v1784985037/Tr-aug-me_21_ekfqys.jpg
meningioma,Tr-aug-me_20_e9a5vs,https://res.cloudinary.com/yrb1ur3i/image/upload/v1784985036/Tr-aug-me_20_e9a5vs.jpg
meningioma,Tr-aug-me_19_bcvnfy,https://res.cloudinary.com/yrb1ur3i/image/upload/v1784985036/Tr-aug-me_19_bcvnfy.jpg
meningioma,Tr-aug-me_18_zjpzzc,https://res.cloudinary.com/yrb1ur3i/image/upload/v1784985035/Tr-aug-me_18_zjpzzc.jpg
meningioma,Tr-aug-me_17_yxpzar,https://res.cloudinary.com/yrb1ur3i/image/upload/v1784985035/Tr-aug-me_17_yxpzar.jpg
meningioma,Tr-aug-me_10_fhnbta,https://res.cloudinary.com/yrb1ur3i/image/upload/v1784985034/Tr-aug-me_10_fhnbta.jpg
meningioma,Tr-aug-me_9_nruvsx,https://res.cloudinary.com/yrb1ur3i/image/upload/v1784985034/Tr-aug-me_9_nruvsx.jpg
meningioma,Tr-aug-me_8_c8attt,https://res.cloudinary.com/yrb1ur3i/image/upload/v1784985033/Tr-aug-me_8_c8attt.jpg
meningioma,Tr-aug-me_7_dfmamw,https://res.cloudinary.com/yrb1ur3i/image/upload/v1784985033/Tr-aug-me_7_dfmamw.jpg
meningioma,Tr-aug-me_6_y4kdca,https://res.cloudinary.com/yrb1ur3i/image/upload/v1784985032/Tr-aug-me_6_y4kdca.jpg
meningioma,Tr-aug-me_2_ni4cfo,https://res.cloudinary.com/yrb1ur3i/image/upload/v1784985031/Tr-aug-me_2_ni4cfo.jpg
meningioma,Tr-aug-me_5_sqk4gv,https://res.cloudinary.com/yrb1ur3i/image/upload/v1784985032/Tr-aug-me_5_sqk4gv.jpg
meningioma,Tr-aug-me_4_ocbbfg,https://res.cloudinary.com/yrb1ur3i/image/upload/v1784985031/Tr-aug-me_4_ocbbfg.jpg
meningioma,Tr-aug-me_3_vebilk,https://res.cloudinary.com/yrb1ur3i/image/upload/v1784985030/Tr-aug-me_3_vebilk.jpg
meningioma,Tr-aug-me_1_onnwib,https://res.cloudinary.com/yrb1ur3i/image/upload/v1784985030/Tr-aug-me_1_onnwib.jpg
glioma,Tr-gl_175_osyqh5,https://res.cloudinary.com/yrb1ur3i/image/upload/v1784984960/Tr-gl_175_osyqh5.jpg
glioma,Tr-gl_174_piiq0k,https://res.cloudinary.com/yrb1ur3i/image/upload/v1784984960/Tr-gl_174_piiq0k.jpg
glioma,Tr-gl_173_dmlgeh,https://res.cloudinary.com/yrb1ur3i/image/upload/v1784984959/Tr-gl_173_dmlgeh.jpg
glioma,Tr-gl_172_kdinzk,https://res.cloudinary.com/yrb1ur3i/image/upload/v1784984959/Tr-gl_172_kdinzk.jpg
glioma,Tr-gl_171_hvtpia,https://res.cloudinary.com/yrb1ur3i/image/upload/v1784984958/Tr-gl_171_hvtpia.jpg
glioma,Tr-gl_170_tkuqia,https://res.cloudinary.com/yrb1ur3i/image/upload/v1784984958/Tr-gl_170_tkuqia.jpg
glioma,Tr-gl_169_axu7f2,https://res.cloudinary.com/yrb1ur3i/image/upload/v1784984958/Tr-gl_169_axu7f2.jpg
glioma,Tr-gl_168_vntcbi,https://res.cloudinary.com/yrb1ur3i/image/upload/v1784984957/Tr-gl_168_vntcbi.jpg
glioma,Tr-gl_167_iexeda,https://res.cloudinary.com/yrb1ur3i/image/upload/v1784984957/Tr-gl_167_iexeda.jpg
glioma,Tr-gl_166_duuxxv,https://res.cloudinary.com/yrb1ur3i/image/upload/v1784984956/Tr-gl_166_duuxxv.jpg
glioma,Tr-gl_160_ivdzpl,https://res.cloudinary.com/yrb1ur3i/image/upload/v1784984956/Tr-gl_160_ivdzpl.jpg
glioma,Tr-gl_159_ni9wqe,https://res.cloudinary.com/yrb1ur3i/image/upload/v1784984955/Tr-gl_159_ni9wqe.jpg
glioma,Tr-gl_158_wjj0ec,https://res.cloudinary.com/yrb1ur3i/image/upload/v1784984955/Tr-gl_158_wjj0ec.jpg
glioma,Tr-gl_157_tpvgcy,https://res.cloudinary.com/yrb1ur3i/image/upload/v1784984955/Tr-gl_157_tpvgcy.jpg
glioma,Tr-gl_156_jnsnn7,https://res.cloudinary.com/yrb1ur3i/image/upload/v1784984954/Tr-gl_156_jnsnn7.jpg
glioma,Tr-gl_155_waocmr,https://res.cloudinary.com/yrb1ur3i/image/upload/v1784984954/Tr-gl_155_waocmr.jpg
glioma,Tr-gl_154_psxvf2,https://res.cloudinary.com/yrb1ur3i/image/upload/v1784984953/Tr-gl_154_psxvf2.jpg
glioma,Tr-gl_153_igkncm,https://res.cloudinary.com/yrb1ur3i/image/upload/v1784984953/Tr-gl_153_igkncm.jpg
glioma,Tr-gl_152_nempxp,https://res.cloudinary.com/yrb1ur3i/image/upload/v1784984953/Tr-gl_152_nempxp.jpg
glioma,Tr-gl_151_xc0hre,https://res.cloudinary.com/yrb1ur3i/image/upload/v1784984952/Tr-gl_151_xc0hre.jpg
glioma,Tr-gl_145_bl2euy,https://res.cloudinary.com/yrb1ur3i/image/upload/v1784984952/Tr-gl_145_bl2euy.jpg
glioma,Tr-gl_144_yidlmn,https://res.cloudinary.com/yrb1ur3i/image/upload/v1784984951/Tr-gl_144_yidlmn.jpg
glioma,Tr-gl_143_cykfph,https://res.cloudinary.com/yrb1ur3i/image/upload/v1784984951/Tr-gl_143_cykfph.jpg
glioma,Tr-gl_142_ixpbp4,https://res.cloudinary.com/yrb1ur3i/image/upload/v1784984950/Tr-gl_142_ixpbp4.jpg
glioma,Tr-gl_141_bj44da,https://res.cloudinary.com/yrb1ur3i/image/upload/v1784984950/Tr-gl_141_bj44da.jpg
glioma,Tr-gl_140_sqanne,https://res.cloudinary.com/yrb1ur3i/image/upload/v1784984950/Tr-gl_140_sqanne.jpg
glioma,Tr-gl_139_lcuyyu,https://res.cloudinary.com/yrb1ur3i/image/upload/v1784984949/Tr-gl_139_lcuyyu.jpg
glioma,Tr-gl_138_qkeaiv,https://res.cloudinary.com/yrb1ur3i/image/upload/v1784984949/Tr-gl_138_qkeaiv.jpg
glioma,Tr-gl_137_clyin8,https://res.cloudinary.com/yrb1ur3i/image/upload/v1784984948/Tr-gl_137_clyin8.jpg
glioma,Tr-gl_130_emx0vg,https://res.cloudinary.com/yrb1ur3i/image/upload/v1784984948/Tr-gl_130_emx0vg.jpg
glioma,Tr-gl_136_zb7enh,https://res.cloudinary.com/yrb1ur3i/image/upload/v1784984948/Tr-gl_136_zb7enh.jpg
glioma,Tr-gl_129_cod0s7,https://res.cloudinary.com/yrb1ur3i/image/upload/v1784984947/Tr-gl_129_cod0s7.jpg
glioma,Tr-gl_128_qjgosj,https://res.cloudinary.com/yrb1ur3i/image/upload/v1784984947/Tr-gl_128_qjgosj.jpg
glioma,Tr-gl_127_l7mjvp,https://res.cloudinary.com/yrb1ur3i/image/upload/v1784984946/Tr-gl_127_l7mjvp.jpg
glioma,Tr-gl_126_iqr3e3,https://res.cloudinary.com/yrb1ur3i/image/upload/v1784984946/Tr-gl_126_iqr3e3.jpg
glioma,Tr-gl_125_ip5jjs,https://res.cloudinary.com/yrb1ur3i/image/upload/v1784984945/Tr-gl_125_ip5jjs.jpg
glioma,Tr-gl_124_xrqdxq,https://res.cloudinary.com/yrb1ur3i/image/upload/v1784984945/Tr-gl_124_xrqdxq.jpg
glioma,Tr-gl_123_rsvybh,https://res.cloudinary.com/yrb1ur3i/image/upload/v1784984945/Tr-gl_123_rsvybh.jpg
glioma,Tr-gl_122_atqd3q,https://res.cloudinary.com/yrb1ur3i/image/upload/v1784984944/Tr-gl_122_atqd3q.jpg
glioma,Tr-gl_121_o7k1cf,https://res.cloudinary.com/yrb1ur3i/image/upload/v1784984944/Tr-gl_121_o7k1cf.jpg
glioma,Tr-gl_115_apt6vt,https://res.cloudinary.com/yrb1ur3i/image/upload/v1784984943/Tr-gl_115_apt6vt.jpg
glioma,Tr-gl_114_wavxyc,https://res.cloudinary.com/yrb1ur3i/image/upload/v1784984943/Tr-gl_114_wavxyc.jpg
glioma,Tr-gl_113_wsusin,https://res.cloudinary.com/yrb1ur3i/image/upload/v1784984942/Tr-gl_113_wsusin.jpg
glioma,Tr-gl_112_omgnex,https://res.cloudinary.com/yrb1ur3i/image/upload/v1784984942/Tr-gl_112_omgnex.jpg
glioma,Tr-gl_111_wemrlc,https://res.cloudinary.com/yrb1ur3i/image/upload/v1784984942/Tr-gl_111_wemrlc.jpg
glioma,Tr-gl_110_gge15b,https://res.cloudinary.com/yrb1ur3i/image/upload/v1784984941/Tr-gl_110_gge15b.jpg
glioma,Tr-gl_108_qphuyk,https://res.cloudinary.com/yrb1ur3i/image/upload/v1784984941/Tr-gl_108_qphuyk.jpg
glioma,Tr-gl_109_ethamu,https://res.cloudinary.com/yrb1ur3i/image/upload/v1784984941/Tr-gl_109_ethamu.jpg
glioma,Tr-gl_99_da69rf,https://res.cloudinary.com/yrb1ur3i/image/upload/v1784984934/Tr-gl_99_da69rf.jpg
glioma,Tr-gl_107_kgcd6e,https://res.cloudinary.com/yrb1ur3i/image/upload/v1784984935/Tr-gl_107_kgcd6e.jpg
glioma,Tr-gl_106_yj3dgm,https://res.cloudinary.com/yrb1ur3i/image/upload/v1784984935/Tr-gl_106_yj3dgm.jpg
glioma,Tr-gl_100_bn495m,https://res.cloudinary.com/yrb1ur3i/image/upload/v1784984934/Tr-gl_100_bn495m.jpg
glioma,Tr-gl_98_j288dp,https://res.cloudinary.com/yrb1ur3i/image/upload/v1784984934/Tr-gl_98_j288dp.jpg
glioma,Tr-gl_97_r3ixun,https://res.cloudinary.com/yrb1ur3i/image/upload/v1784984933/Tr-gl_97_r3ixun.jpg
glioma,Tr-gl_96_kliq3l,https://res.cloudinary.com/yrb1ur3i/image/upload/v1784984933/Tr-gl_96_kliq3l.jpg
glioma,Tr-gl_95_z9cgcg,https://res.cloudinary.com/yrb1ur3i/image/upload/v1784984932/Tr-gl_95_z9cgcg.jpg
glioma,Tr-gl_94_vns3o4,https://res.cloudinary.com/yrb1ur3i/image/upload/v1784984932/Tr-gl_94_vns3o4.jpg
glioma,Tr-gl_92_ul1jbl,https://res.cloudinary.com/yrb1ur3i/image/upload/v1784984931/Tr-gl_92_ul1jbl.jpg
glioma,Tr-gl_93_xgzq4g,https://res.cloudinary.com/yrb1ur3i/image/upload/v1784984931/Tr-gl_93_xgzq4g.jpg
glioma,Tr-gl_91_mvqfsf,https://res.cloudinary.com/yrb1ur3i/image/upload/v1784984931/Tr-gl_91_mvqfsf.jpg
glioma,Tr-gl_85_hy0bsx,https://res.cloudinary.com/yrb1ur3i/image/upload/v1784984930/Tr-gl_85_hy0bsx.jpg
glioma,Tr-gl_84_ljupxe,https://res.cloudinary.com/yrb1ur3i/image/upload/v1784984930/Tr-gl_84_ljupxe.jpg
glioma,Tr-gl_83_u1xuhy,https://res.cloudinary.com/yrb1ur3i/image/upload/v1784984929/Tr-gl_83_u1xuhy.jpg
glioma,Tr-gl_82_uv8fqk,https://res.cloudinary.com/yrb1ur3i/image/upload/v1784984929/Tr-gl_82_uv8fqk.jpg
glioma,Tr-gl_81_tfpyix,https://res.cloudinary.com/yrb1ur3i/image/upload/v1784984928/Tr-gl_81_tfpyix.jpg
glioma,Tr-gl_80_mc41yy,https://res.cloudinary.com/yrb1ur3i/image/upload/v1784984928/Tr-gl_80_mc41yy.jpg
glioma,Tr-gl_79_va6ua0,https://res.cloudinary.com/yrb1ur3i/image/upload/v1784984927/Tr-gl_79_va6ua0.jpg
glioma,Tr-gl_78_ieb4rc,https://res.cloudinary.com/yrb1ur3i/image/upload/v1784984927/Tr-gl_78_ieb4rc.jpg
glioma,Tr-gl_77_ex9pyj,https://res.cloudinary.com/yrb1ur3i/image/upload/v1784984926/Tr-gl_77_ex9pyj.jpg
glioma,Tr-gl_76_zzlmox,https://res.cloudinary.com/yrb1ur3i/image/upload/v1784984926/Tr-gl_76_zzlmox.jpg
glioma,Tr-gl_70_xfdbtk,https://res.cloudinary.com/yrb1ur3i/image/upload/v1784984926/Tr-gl_70_xfdbtk.jpg
glioma,Tr-gl_69_rp0jhw,https://res.cloudinary.com/yrb1ur3i/image/upload/v1784984925/Tr-gl_69_rp0jhw.jpg
glioma,Tr-gl_68_zu0m0i,https://res.cloudinary.com/yrb1ur3i/image/upload/v1784984925/Tr-gl_68_zu0m0i.jpg
glioma,Tr-gl_67_epgn3k,https://res.cloudinary.com/yrb1ur3i/image/upload/v1784984924/Tr-gl_67_epgn3k.jpg
glioma,Tr-gl_66_d8ky2w,https://res.cloudinary.com/yrb1ur3i/image/upload/v1784984924/Tr-gl_66_d8ky2w.jpg
glioma,Tr-gl_65_h0sncc,https://res.cloudinary.com/yrb1ur3i/image/upload/v1784984923/Tr-gl_65_h0sncc.jpg
glioma,Tr-gl_64_yeggi7,https://res.cloudinary.com/yrb1ur3i/image/upload/v1784984923/Tr-gl_64_yeggi7.jpg
glioma,Tr-gl_63_bmcfrw,https://res.cloudinary.com/yrb1ur3i/image/upload/v1784984922/Tr-gl_63_bmcfrw.jpg
glioma,Tr-gl_62_egumdn,https://res.cloudinary.com/yrb1ur3i/image/upload/v1784984922/Tr-gl_62_egumdn.jpg
glioma,Tr-gl_61_q06bh9,https://res.cloudinary.com/yrb1ur3i/image/upload/v1784984921/Tr-gl_61_q06bh9.jpg
glioma,Tr-gl_55_z5lstl,https://res.cloudinary.com/yrb1ur3i/image/upload/v1784984921/Tr-gl_55_z5lstl.jpg
glioma,Tr-gl_53_xwrvc7,https://res.cloudinary.com/yrb1ur3i/image/upload/v1784984920/Tr-gl_53_xwrvc7.jpg
glioma,Tr-gl_54_zdcn2c,https://res.cloudinary.com/yrb1ur3i/image/upload/v1784984921/Tr-gl_54_zdcn2c.jpg
glioma,Tr-gl_52_hmnttk,https://res.cloudinary.com/yrb1ur3i/image/upload/v1784984920/Tr-gl_52_hmnttk.jpg
glioma,Tr-gl_51_lxckun,https://res.cloudinary.com/yrb1ur3i/image/upload/v1784984919/Tr-gl_51_lxckun.jpg
glioma,Tr-gl_50_m6hmbh,https://res.cloudinary.com/yrb1ur3i/image/upload/v1784984919/Tr-gl_50_m6hmbh.jpg
glioma,Tr-gl_49_uongtj,https://res.cloudinary.com/yrb1ur3i/image/upload/v1784984918/Tr-gl_49_uongtj.jpg
glioma,Tr-gl_48_uplzau,https://res.cloudinary.com/yrb1ur3i/image/upload/v1784984918/Tr-gl_48_uplzau.jpg
glioma,Tr-gl_47_kuiwwh,https://res.cloudinary.com/yrb1ur3i/image/upload/v1784984918/Tr-gl_47_kuiwwh.jpg
glioma,Tr-gl_46_ctubfi,https://res.cloudinary.com/yrb1ur3i/image/upload/v1784984917/Tr-gl_46_ctubfi.jpg
glioma,Tr-gl_40_m5uj0y,https://res.cloudinary.com/yrb1ur3i/image/upload/v1784984917/Tr-gl_40_m5uj0y.jpg
glioma,Tr-gl_39_cya6pp,https://res.cloudinary.com/yrb1ur3i/image/upload/v1784984916/Tr-gl_39_cya6pp.jpg
glioma,Tr-gl_35_nzzcyf,https://res.cloudinary.com/yrb1ur3i/image/upload/v1784984916/Tr-gl_35_nzzcyf.jpg
glioma,Tr-gl_38_gxbx0x,https://res.cloudinary.com/yrb1ur3i/image/upload/v1784984916/Tr-gl_38_gxbx0x.jpg
glioma,Tr-gl_37_qnacpv,https://res.cloudinary.com/yrb1ur3i/image/upload/v1784984915/Tr-gl_37_qnacpv.jpg
glioma,Tr-gl_36_ixtj5w,https://res.cloudinary.com/yrb1ur3i/image/upload/v1784984915/Tr-gl_36_ixtj5w.jpg
glioma,Tr-gl_34_svovbb,https://res.cloudinary.com/yrb1ur3i/image/upload/v1784984914/Tr-gl_34_svovbb.jpg
glioma,Tr-gl_33_hjuen8,https://res.cloudinary.com/yrb1ur3i/image/upload/v1784984914/Tr-gl_33_hjuen8.jpg
glioma,Tr-gl_32_sxpodm,https://res.cloudinary.com/yrb1ur3i/image/upload/v1784984913/Tr-gl_32_sxpodm.jpg
glioma,Tr-gl_31_gdseq8,https://res.cloudinary.com/yrb1ur3i/image/upload/v1784984913/Tr-gl_31_gdseq8.jpg
glioma,Tr-gl_25_olhmp6,https://res.cloudinary.com/yrb1ur3i/image/upload/v1784984912/Tr-gl_25_olhmp6.jpg
glioma,Tr-gl_24_hjpmmx,https://res.cloudinary.com/yrb1ur3i/image/upload/v1784984912/Tr-gl_24_hjpmmx.jpg
glioma,Tr-gl_23_g1hocz,https://res.cloudinary.com/yrb1ur3i/image/upload/v1784984911/Tr-gl_23_g1hocz.jpg
glioma,Tr-gl_22_zbywzu,https://res.cloudinary.com/yrb1ur3i/image/upload/v1784984911/Tr-gl_22_zbywzu.jpg
glioma,Tr-gl_21_a9revq,https://res.cloudinary.com/yrb1ur3i/image/upload/v1784984911/Tr-gl_21_a9revq.jpg
glioma,Tr-gl_20_lgh74d,https://res.cloudinary.com/yrb1ur3i/image/upload/v1784984910/Tr-gl_20_lgh74d.jpg
glioma,Tr-gl_19_lpvvae,https://res.cloudinary.com/yrb1ur3i/image/upload/v1784984910/Tr-gl_19_lpvvae.jpg
glioma,Tr-gl_18_sndmto,https://res.cloudinary.com/yrb1ur3i/image/upload/v1784984909/Tr-gl_18_sndmto.jpg
glioma,Tr-gl_17_emnp23,https://res.cloudinary.com/yrb1ur3i/image/upload/v1784984909/Tr-gl_17_emnp23.jpg
glioma,Tr-gl_16_vsujfl,https://res.cloudinary.com/yrb1ur3i/image/upload/v1784984908/Tr-gl_16_vsujfl.jpg
glioma,Tr-gl_10_nurzoh,https://res.cloudinary.com/yrb1ur3i/image/upload/v1784984908/Tr-gl_10_nurzoh.jpg
glioma,Tr-gl_9_vrrtmy,https://res.cloudinary.com/yrb1ur3i/image/upload/v1784984908/Tr-gl_9_vrrtmy.jpg
glioma,Tr-gl_8_lgegqu,https://res.cloudinary.com/yrb1ur3i/image/upload/v1784984907/Tr-gl_8_lgegqu.jpg
glioma,Tr-gl_7_zbhl9z,https://res.cloudinary.com/yrb1ur3i/image/upload/v1784984907/Tr-gl_7_zbhl9z.jpg
glioma,Tr-gl_6_xnlf15,https://res.cloudinary.com/yrb1ur3i/image/upload/v1784984906/Tr-gl_6_xnlf15.jpg
glioma,Tr-gl_5_wi3lkj,https://res.cloudinary.com/yrb1ur3i/image/upload/v1784984906/Tr-gl_5_wi3lkj.jpg
glioma,Tr-gl_4_hqciis,https://res.cloudinary.com/yrb1ur3i/image/upload/v1784984905/Tr-gl_4_hqciis.jpg
glioma,Tr-gl_3_d9cafj,https://res.cloudinary.com/yrb1ur3i/image/upload/v1784984905/Tr-gl_3_d9cafj.jpg
glioma,Tr-gl_2_lwyvzp,https://res.cloudinary.com/yrb1ur3i/image/upload/v1784984905/Tr-gl_2_lwyvzp.jpg
glioma,Tr-gl_1_njkfde,https://res.cloudinary.com/yrb1ur3i/image/upload/v1784984904/Tr-gl_1_njkfde.jpg
healthy,Tr-no_160_b9rfzg,https://res.cloudinary.com/yrb1ur3i/image/upload/v1784984802/Tr-no_160_b9rfzg.jpg
healthy,Tr-no_159_o6chad,https://res.cloudinary.com/yrb1ur3i/image/upload/v1784984802/Tr-no_159_o6chad.jpg
healthy,Tr-no_158_fvpqb0,https://res.cloudinary.com/yrb1ur3i/image/upload/v1784984801/Tr-no_158_fvpqb0.jpg
healthy,Tr-no_157_lqw0sl,https://res.cloudinary.com/yrb1ur3i/image/upload/v1784984801/Tr-no_157_lqw0sl.jpg
healthy,Tr-no_156_da2bpt,https://res.cloudinary.com/yrb1ur3i/image/upload/v1784984801/Tr-no_156_da2bpt.jpg
healthy,Tr-no_155_gpcq8g,https://res.cloudinary.com/yrb1ur3i/image/upload/v1784984800/Tr-no_155_gpcq8g.jpg
healthy,Tr-no_154_yj4f97,https://res.cloudinary.com/yrb1ur3i/image/upload/v1784984800/Tr-no_154_yj4f97.jpg
healthy,Tr-no_153_oith8n,https://res.cloudinary.com/yrb1ur3i/image/upload/v1784984800/Tr-no_153_oith8n.jpg
healthy,Tr-no_152_hkr5ng,https://res.cloudinary.com/yrb1ur3i/image/upload/v1784984799/Tr-no_152_hkr5ng.jpg
healthy,Tr-no_151_p4jdfx,https://res.cloudinary.com/yrb1ur3i/image/upload/v1784984799/Tr-no_151_p4jdfx.jpg
healthy,Tr-no_145_znpcou,https://res.cloudinary.com/yrb1ur3i/image/upload/v1784984799/Tr-no_145_znpcou.jpg
healthy,Tr-no_144_kx5awr,https://res.cloudinary.com/yrb1ur3i/image/upload/v1784984799/Tr-no_144_kx5awr.jpg
healthy,Tr-no_143_d2amq2,https://res.cloudinary.com/yrb1ur3i/image/upload/v1784984798/Tr-no_143_d2amq2.jpg
healthy,Tr-no_142_htebmj,https://res.cloudinary.com/yrb1ur3i/image/upload/v1784984798/Tr-no_142_htebmj.jpg
healthy,Tr-no_141_pqiufw,https://res.cloudinary.com/yrb1ur3i/image/upload/v1784984798/Tr-no_141_pqiufw.jpg
healthy,Tr-no_140_k5cuu2,https://res.cloudinary.com/yrb1ur3i/image/upload/v1784984797/Tr-no_140_k5cuu2.jpg
healthy,Tr-no_139_rhgh2f,https://res.cloudinary.com/yrb1ur3i/image/upload/v1784984797/Tr-no_139_rhgh2f.jpg
healthy,Tr-no_138_r6tbwm,https://res.cloudinary.com/yrb1ur3i/image/upload/v1784984797/Tr-no_138_r6tbwm.jpg
healthy,Tr-no_137_rctyxf,https://res.cloudinary.com/yrb1ur3i/image/upload/v1784984797/Tr-no_137_rctyxf.jpg
healthy,Tr-no_136_uemjec,https://res.cloudinary.com/yrb1ur3i/image/upload/v1784984796/Tr-no_136_uemjec.jpg
healthy,Tr-no_130_tislsp,https://res.cloudinary.com/yrb1ur3i/image/upload/v1784984796/Tr-no_130_tislsp.jpg
healthy,Tr-no_129_l2gifh,https://res.cloudinary.com/yrb1ur3i/image/upload/v1784984796/Tr-no_129_l2gifh.jpg
healthy,Tr-no_128_kookbd,https://res.cloudinary.com/yrb1ur3i/image/upload/v1784984795/Tr-no_128_kookbd.jpg
healthy,Tr-no_127_g0syqs,https://res.cloudinary.com/yrb1ur3i/image/upload/v1784984795/Tr-no_127_g0syqs.jpg
healthy,Tr-no_126_ugrsjb,https://res.cloudinary.com/yrb1ur3i/image/upload/v1784984795/Tr-no_126_ugrsjb.jpg
healthy,Tr-no_125_l08rzw,https://res.cloudinary.com/yrb1ur3i/image/upload/v1784984794/Tr-no_125_l08rzw.jpg
healthy,Tr-no_124_ysd5ui,https://res.cloudinary.com/yrb1ur3i/image/upload/v1784984794/Tr-no_124_ysd5ui.jpg
healthy,Tr-no_123_y2ttyq,https://res.cloudinary.com/yrb1ur3i/image/upload/v1784984794/Tr-no_123_y2ttyq.jpg
healthy,Tr-no_122_siu85r,https://res.cloudinary.com/yrb1ur3i/image/upload/v1784984793/Tr-no_122_siu85r.jpg
healthy,Tr-no_121_zpevw3,https://res.cloudinary.com/yrb1ur3i/image/upload/v1784984793/Tr-no_121_zpevw3.jpg
healthy,Tr-no_100_nledtz,https://res.cloudinary.com/yrb1ur3i/image/upload/v1784984793/Tr-no_100_nledtz.jpg
healthy,Tr-no_99_ylaimh,https://res.cloudinary.com/yrb1ur3i/image/upload/v1784984793/Tr-no_99_ylaimh.jpg
healthy,Tr-no_98_rhdtde,https://res.cloudinary.com/yrb1ur3i/image/upload/v1784984792/Tr-no_98_rhdtde.jpg
healthy,Tr-no_97_gbytpv,https://res.cloudinary.com/yrb1ur3i/image/upload/v1784984792/Tr-no_97_gbytpv.jpg
healthy,Tr-no_96_xo9ozr,https://res.cloudinary.com/yrb1ur3i/image/upload/v1784984792/Tr-no_96_xo9ozr.jpg
healthy,Tr-no_95_w08eds,https://res.cloudinary.com/yrb1ur3i/image/upload/v1784984791/Tr-no_95_w08eds.jpg
healthy,Tr-no_94_sx7pak,https://res.cloudinary.com/yrb1ur3i/image/upload/v1784984791/Tr-no_94_sx7pak.jpg
healthy,Tr-no_93_fgxdql,https://res.cloudinary.com/yrb1ur3i/image/upload/v1784984791/Tr-no_93_fgxdql.jpg
healthy,Tr-no_92_dvieol,https://res.cloudinary.com/yrb1ur3i/image/upload/v1784984790/Tr-no_92_dvieol.jpg
healthy,Tr-no_91_sonvyx,https://res.cloudinary.com/yrb1ur3i/image/upload/v1784984790/Tr-no_91_sonvyx.jpg
healthy,Tr-no_85_rsmlpo,https://res.cloudinary.com/yrb1ur3i/image/upload/v1784984790/Tr-no_85_rsmlpo.jpg
healthy,Tr-no_84_zrnika,https://res.cloudinary.com/yrb1ur3i/image/upload/v1784984789/Tr-no_84_zrnika.jpg
healthy,Tr-no_83_os4hlw,https://res.cloudinary.com/yrb1ur3i/image/upload/v1784984789/Tr-no_83_os4hlw.jpg
healthy,Tr-no_82_c3nush,https://res.cloudinary.com/yrb1ur3i/image/upload/v1784984789/Tr-no_82_c3nush.jpg
healthy,Tr-no_81_rzjah5,https://res.cloudinary.com/yrb1ur3i/image/upload/v1784984789/Tr-no_81_rzjah5.jpg
healthy,Tr-no_80_hpavqn,https://res.cloudinary.com/yrb1ur3i/image/upload/v1784984788/Tr-no_80_hpavqn.jpg
healthy,Tr-no_79_horfb1,https://res.cloudinary.com/yrb1ur3i/image/upload/v1784984788/Tr-no_79_horfb1.jpg
healthy,Tr-no_78_dabm7c,https://res.cloudinary.com/yrb1ur3i/image/upload/v1784984788/Tr-no_78_dabm7c.jpg
healthy,Tr-no_77_nlk0uc,https://res.cloudinary.com/yrb1ur3i/image/upload/v1784984787/Tr-no_77_nlk0uc.jpg
healthy,Tr-no_76_f9bilt,https://res.cloudinary.com/yrb1ur3i/image/upload/v1784984787/Tr-no_76_f9bilt.jpg
healthy,Tr-no_71_kdte1j,https://res.cloudinary.com/yrb1ur3i/image/upload/v1784984787/Tr-no_71_kdte1j.jpg
healthy,Tr-no_69_zyh8am,https://res.cloudinary.com/yrb1ur3i/image/upload/v1784984786/Tr-no_69_zyh8am.jpg
healthy,Tr-no_68_rvqqi3,https://res.cloudinary.com/yrb1ur3i/image/upload/v1784984786/Tr-no_68_rvqqi3.jpg
healthy,Tr-no_67_pb82wh,https://res.cloudinary.com/yrb1ur3i/image/upload/v1784984786/Tr-no_67_pb82wh.jpg
healthy,Tr-no_66_tksdzf,https://res.cloudinary.com/yrb1ur3i/image/upload/v1784984786/Tr-no_66_tksdzf.jpg
healthy,Tr-no_64_vs5rrp,https://res.cloudinary.com/yrb1ur3i/image/upload/v1784984785/Tr-no_64_vs5rrp.jpg
healthy,Tr-no_65_wi9bvw,https://res.cloudinary.com/yrb1ur3i/image/upload/v1784984785/Tr-no_65_wi9bvw.jpg
healthy,Tr-no_63_jxpiml,https://res.cloudinary.com/yrb1ur3i/image/upload/v1784984785/Tr-no_63_jxpiml.jpg
healthy,Tr-no_62_tv9nys,https://res.cloudinary.com/yrb1ur3i/image/upload/v1784984784/Tr-no_62_tv9nys.jpg
healthy,Tr-no_61_vrvicv,https://res.cloudinary.com/yrb1ur3i/image/upload/v1784984784/Tr-no_61_vrvicv.jpg
healthy,Tr-no_55_fnmjto,https://res.cloudinary.com/yrb1ur3i/image/upload/v1784984784/Tr-no_55_fnmjto.jpg
healthy,Tr-no_53_hspn1e,https://res.cloudinary.com/yrb1ur3i/image/upload/v1784984783/Tr-no_53_hspn1e.jpg
healthy,Tr-no_54_cpa5e5,https://res.cloudinary.com/yrb1ur3i/image/upload/v1784984784/Tr-no_54_cpa5e5.jpg
healthy,Tr-no_52_wp56cy,https://res.cloudinary.com/yrb1ur3i/image/upload/v1784984783/Tr-no_52_wp56cy.jpg
healthy,Tr-no_51_dbysqu,https://res.cloudinary.com/yrb1ur3i/image/upload/v1784984783/Tr-no_51_dbysqu.jpg
healthy,Tr-no_50_i1ikws,https://res.cloudinary.com/yrb1ur3i/image/upload/v1784984782/Tr-no_50_i1ikws.jpg
healthy,Tr-no_49_ghr8bx,https://res.cloudinary.com/yrb1ur3i/image/upload/v1784984782/Tr-no_49_ghr8bx.jpg
healthy,Tr-no_48_tgpiwc,https://res.cloudinary.com/yrb1ur3i/image/upload/v1784984782/Tr-no_48_tgpiwc.jpg
healthy,Tr-no_47_cc55ke,https://res.cloudinary.com/yrb1ur3i/image/upload/v1784984782/Tr-no_47_cc55ke.jpg
healthy,Tr-no_46_qa5w3q,https://res.cloudinary.com/yrb1ur3i/image/upload/v1784984781/Tr-no_46_qa5w3q.jpg
healthy,Tr-no_40_qakfor,https://res.cloudinary.com/yrb1ur3i/image/upload/v1784984781/Tr-no_40_qakfor.jpg
healthy,Tr-no_39_prkkcl,https://res.cloudinary.com/yrb1ur3i/image/upload/v1784984781/Tr-no_39_prkkcl.jpg
healthy,Tr-no_38_oiuqtl,https://res.cloudinary.com/yrb1ur3i/image/upload/v1784984780/Tr-no_38_oiuqtl.jpg
healthy,Tr-no_37_iimqvj,https://res.cloudinary.com/yrb1ur3i/image/upload/v1784984780/Tr-no_37_iimqvj.jpg
healthy,Tr-no_36_iewnhr,https://res.cloudinary.com/yrb1ur3i/image/upload/v1784984780/Tr-no_36_iewnhr.jpg
healthy,Tr-no_35_mgsoc5,https://res.cloudinary.com/yrb1ur3i/image/upload/v1784984780/Tr-no_35_mgsoc5.jpg
healthy,Tr-no_34_hkg0rk,https://res.cloudinary.com/yrb1ur3i/image/upload/v1784984779/Tr-no_34_hkg0rk.jpg
healthy,Tr-no_33_xakcdd,https://res.cloudinary.com/yrb1ur3i/image/upload/v1784984779/Tr-no_33_xakcdd.jpg
healthy,Tr-no_32_gvluhy,https://res.cloudinary.com/yrb1ur3i/image/upload/v1784984779/Tr-no_32_gvluhy.jpg
healthy,Tr-no_31_b6dblz,https://res.cloudinary.com/yrb1ur3i/image/upload/v1784984778/Tr-no_31_b6dblz.jpg
healthy,Tr-no_25_e1cubo,https://res.cloudinary.com/yrb1ur3i/image/upload/v1784984778/Tr-no_25_e1cubo.jpg
healthy,Tr-no_24_wjpxu1,https://res.cloudinary.com/yrb1ur3i/image/upload/v1784984778/Tr-no_24_wjpxu1.jpg
healthy,Tr-no_23_pynfa9,https://res.cloudinary.com/yrb1ur3i/image/upload/v1784984778/Tr-no_23_pynfa9.jpg
healthy,Tr-no_22_a8zet6,https://res.cloudinary.com/yrb1ur3i/image/upload/v1784984777/Tr-no_22_a8zet6.png
healthy,Tr-no_21_kjkri6,https://res.cloudinary.com/yrb1ur3i/image/upload/v1784984777/Tr-no_21_kjkri6.jpg
healthy,Tr-no_20_vk7gfm,https://res.cloudinary.com/yrb1ur3i/image/upload/v1784984777/Tr-no_20_vk7gfm.jpg
healthy,Tr-no_19_xm1y7y,https://res.cloudinary.com/yrb1ur3i/image/upload/v1784984776/Tr-no_19_xm1y7y.jpg
healthy,Tr-no_18_e7clhq,https://res.cloudinary.com/yrb1ur3i/image/upload/v1784984776/Tr-no_18_e7clhq.jpg
healthy,Tr-no_17_qvbicf,https://res.cloudinary.com/yrb1ur3i/image/upload/v1784984776/Tr-no_17_qvbicf.jpg
healthy,Tr-no_16_t2pq2t,https://res.cloudinary.com/yrb1ur3i/image/upload/v1784984776/Tr-no_16_t2pq2t.jpg
healthy,Tr-no_10_gurilu,https://res.cloudinary.com/yrb1ur3i/image/upload/v1784984775/Tr-no_10_gurilu.jpg
healthy,Tr-no_9_sxpx8k,https://res.cloudinary.com/yrb1ur3i/image/upload/v1784984775/Tr-no_9_sxpx8k.jpg
healthy,Tr-no_8_i0vnsu,https://res.cloudinary.com/yrb1ur3i/image/upload/v1784984775/Tr-no_8_i0vnsu.jpg
healthy,Tr-no_7_jf42ch,https://res.cloudinary.com/yrb1ur3i/image/upload/v1784984775/Tr-no_7_jf42ch.jpg
healthy,Tr-no_6_lgxqpu,https://res.cloudinary.com/yrb1ur3i/image/upload/v1784984774/Tr-no_6_lgxqpu.jpg
healthy,Tr-no_5_vnso2h,https://res.cloudinary.com/yrb1ur3i/image/upload/v1784984774/Tr-no_5_vnso2h.jpg
healthy,Tr-no_3_m6dwyx,https://res.cloudinary.com/yrb1ur3i/image/upload/v1784984774/Tr-no_3_m6dwyx.jpg
healthy,Tr-no_4_fn78rv,https://res.cloudinary.com/yrb1ur3i/image/upload/v1784984774/Tr-no_4_fn78rv.jpg
healthy,Tr-no_2_sza1e0,https://res.cloudinary.com/yrb1ur3i/image/upload/v1784984774/Tr-no_2_sza1e0.jpg
healthy,Tr-no_1_cwrb27,https://res.cloudinary.com/yrb1ur3i/image/upload/v1784984774/Tr-no_1_cwrb27.jpg
,Te-gl_39_sdji9k,https://res.cloudinary.com/yrb1ur3i/image/upload/v1784978224/Te-gl_39_sdji9k.jpg
,main-sample,https://res.cloudinary.com/yrb1ur3i/image/upload/v1784978167/main-sample.png
,cld-sample-5,https://res.cloudinary.com/yrb1ur3i/image/upload/v1784978167/cld-sample-5.jpg
,cld-sample-3,https://res.cloudinary.com/yrb1ur3i/image/upload/v1784978166/cld-sample-3.jpg
,cld-sample-4,https://res.cloudinary.com/yrb1ur3i/image/upload/v1784978167/cld-sample-4.jpg
,cld-sample-2,https://res.cloudinary.com/yrb1ur3i/image/upload/v1784978166/cld-sample-2.jpg
,cld-sample,https://res.cloudinary.com/yrb1ur3i/image/upload/v1784978166/cld-sample.jpg
samples,samples/waves,https://res.cloudinary.com/yrb1ur3i/image/upload/v1784978165/samples/waves.png
samples,samples/radial_02,https://res.cloudinary.com/yrb1ur3i/image/upload/v1784978165/samples/radial_02.png
samples,samples/paper,https://res.cloudinary.com/yrb1ur3i/image/upload/v1784978165/samples/paper.png
samples,samples/zoom,https://res.cloudinary.com/yrb1ur3i/image/upload/v1784978165/samples/zoom.avif
samples,samples/radial,https://res.cloudinary.com/yrb1ur3i/image/upload/v1784978165/samples/radial.avif
samples,samples/canvas,https://res.cloudinary.com/yrb1ur3i/image/upload/v1784978165/samples/canvas.jpg
samples,samples/dessert-on-a-plate,https://res.cloudinary.com/yrb1ur3i/image/upload/v1784978164/samples/dessert-on-a-plate.jpg
samples,samples/woman-on-a-football-field,https://res.cloudinary.com/yrb1ur3i/image/upload/v1784978164/samples/woman-on-a-football-field.jpg
samples,samples/logo,https://res.cloudinary.com/yrb1ur3i/image/upload/v1784978164/samples/logo.png
samples,samples/upscale-face-1,https://res.cloudinary.com/yrb1ur3i/image/upload/v1784978164/samples/upscale-face-1.jpg
samples,samples/cup-on-a-table,https://res.cloudinary.com/yrb1ur3i/image/upload/v1784978164/samples/cup-on-a-table.jpg
samples,samples/coffee,https://res.cloudinary.com/yrb1ur3i/image/upload/v1784978163/samples/coffee.jpg
samples,samples/man-portrait,https://res.cloudinary.com/yrb1ur3i/image/upload/v1784978163/samples/man-portrait.jpg
samples,samples/chair,https://res.cloudinary.com/yrb1ur3i/image/upload/v1784978163/samples/chair.png
samples,samples/chair-and-coffee-table,https://res.cloudinary.com/yrb1ur3i/image/upload/v1784978163/samples/chair-and-coffee-table.jpg
samples,samples/man-on-a-street,https://res.cloudinary.com/yrb1ur3i/image/upload/v1784978163/samples/man-on-a-street.jpg
samples,samples/man-on-a-escalator,https://res.cloudinary.com/yrb1ur3i/image/upload/v1784978163/samples/man-on-a-escalator.jpg
samples,samples/outdoor-woman,https://res.cloudinary.com/yrb1ur3i/image/upload/v1784978163/samples/outdoor-woman.jpg
samples,samples/look-up,https://res.cloudinary.com/yrb1ur3i/image/upload/v1784978162/samples/look-up.jpg
samples,samples/breakfast,https://res.cloudinary.com/yrb1ur3i/image/upload/v1784978161/samples/breakfast.jpg
samples,samples/smile,https://res.cloudinary.com/yrb1ur3i/image/upload/v1784978161/samples/smile.jpg
samples,samples/balloons,https://res.cloudinary.com/yrb1ur3i/image/upload/v1784978160/samples/balloons.jpg
samples,samples/shoe,https://res.cloudinary.com/yrb1ur3i/image/upload/v1784978160/samples/shoe.jpg
samples,samples/two-ladies,https://res.cloudinary.com/yrb1ur3i/image/upload/v1784978159/samples/two-ladies.jpg
landscapes,samples/landscapes/landscape-panorama,https://res.cloudinary.com/yrb1ur3i/image/upload/v1784978158/samples/landscapes/landscape-panorama.jpg
animals,samples/animals/kitten-playing,https://res.cloudinary.com/yrb1ur3i/image/upload/v1784978157/samples/animals/kitten-playing.gif
landscapes,samples/landscapes/nature-mountains,https://res.cloudinary.com/yrb1ur3i/image/upload/v1784978157/samples/landscapes/nature-mountains.jpg
samples,samples/cloudinary-group,https://res.cloudinary.com/yrb1ur3i/image/upload/v1784978157/samples/cloudinary-group.jpg
food,samples/food/spices,https://res.cloudinary.com/yrb1ur3i/image/upload/v1784978157/samples/food/spices.jpg
samples,samples/imagecon-group,https://res.cloudinary.com/yrb1ur3i/image/upload/v1784978157/samples/imagecon-group.jpg
ecommerce,samples/ecommerce/accessories-bag,https://res.cloudinary.com/yrb1ur3i/image/upload/v1784978156/samples/ecommerce/accessories-bag.jpg
ecommerce,samples/ecommerce/leather-bag-gray,https://res.cloudinary.com/yrb1ur3i/image/upload/v1784978156/samples/ecommerce/leather-bag-gray.jpg
ecommerce,samples/ecommerce/car-interior-design,https://res.cloudinary.com/yrb1ur3i/image/upload/v1784978156/samples/ecommerce/car-interior-design.jpg
landscapes,samples/landscapes/beach-boat,https://res.cloudinary.com/yrb1ur3i/image/upload/v1784978156/samples/landscapes/beach-boat.jpg
people,samples/people/bicycle,https://res.cloudinary.com/yrb1ur3i/image/upload/v1784978156/samples/people/bicycle.jpg
landscapes,samples/landscapes/architecture-signs,https://res.cloudinary.com/yrb1ur3i/image/upload/v1784978156/samples/landscapes/architecture-signs.jpg
animals,samples/animals/three-dogs,https://res.cloudinary.com/yrb1ur3i/image/upload/v1784978155/samples/animals/three-dogs.jpg
people,samples/people/jazz,https://res.cloudinary.com/yrb1ur3i/image/upload/v1784978155/samples/people/jazz.jpg
people,samples/people/boy-snow-hoodie,https://res.cloudinary.com/yrb1ur3i/image/upload/v1784978155/samples/people/boy-snow-hoodie.jpg
samples,samples/bike,https://res.cloudinary.com/yrb1ur3i/image/upload/v1784978155/samples/bike.jpg
landscapes,samples/landscapes/girl-urban-view,https://res.cloudinary.com/yrb1ur3i/image/upload/v1784978154/samples/landscapes/girl-urban-view.jpg
ecommerce,samples/ecommerce/shoes,https://res.cloudinary.com/yrb1ur3i/image/upload/v1784978155/samples/ecommerce/shoes.png
people,samples/people/smiling-man,https://res.cloudinary.com/yrb1ur3i/image/upload/v1784978154/samples/people/smiling-man.jpg
samples,samples/sheep,https://res.cloudinary.com/yrb1ur3i/image/upload/v1784978154/samples/sheep.jpg
food,samples/food/pot-mussels,https://res.cloudinary.com/yrb1ur3i/image/upload/v1784978154/samples/food/pot-mussels.jpg
food,samples/food/fish-vegetables,https://res.cloudinary.com/yrb1ur3i/image/upload/v1784978154/samples/food/fish-vegetables.jpg
animals,samples/animals/reindeer,https://res.cloudinary.com/yrb1ur3i/image/upload/v1784978154/samples/animals/reindeer.jpg
people,samples/people/kitchen-bar,https://res.cloudinary.com/yrb1ur3i/image/upload/v1784978154/samples/people/kitchen-bar.jpg
samples,samples/cloudinary-logo-vector,https://res.cloudinary.com/yrb1ur3i/image/upload/v1784978152/samples/cloudinary-logo-vector.svg
ecommerce,samples/ecommerce/analog-classic,https://res.cloudinary.com/yrb1ur3i/image/upload/v1784978152/samples/ecommerce/analog-classic.jpg
animals,samples/animals/cat,https://res.cloudinary.com/yrb1ur3i/image/upload/v1784978153/samples/animals/cat.jpg
food,samples/food/dessert,https://res.cloudinary.com/yrb1ur3i/image/upload/v1784978153/samples/food/dessert.jpg
samples,samples/cloudinary-icon,https://res.cloudinary.com/yrb1ur3i/image/upload/v1784978152/samples/cloudinary-icon.png
,sample,https://res.cloudinary.com/yrb1ur3i/image/upload/v1784978150/sample.jpg
